source_file,mutation_number,mutant_operator_type,lineno,ast_depth,num_test_cover,num_executed,num_assert_tm,num_assert_tc,function_max_depth,function_avg_depth,class_max_depth,lineno_loc,loc_list,status
transformers.py,1,COD,14,4,15,2381,24,24,23,7.733333333333333,23,61,"['17:23', '25:35', '37:48', '23:26', '18:21', '13:16', '8:11', '22:27', '29:34', '36:45', '47:53', '55:61', '388:388', '395:395', '405:411']",killed
transformers.py,2,COD,16,4,15,2381,24,24,23,7.733333333333333,23,61,"['17:23', '25:35', '37:48', '23:26', '18:21', '13:16', '8:11', '22:27', '29:34', '36:45', '47:53', '55:61', '388:388', '395:395', '405:411']",killed
transformers.py,3,COD,18,4,15,2381,24,24,23,7.733333333333333,23,61,"['17:23', '25:35', '37:48', '23:26', '18:21', '13:16', '8:11', '22:27', '29:34', '36:45', '47:53', '55:61', '388:388', '395:395', '405:411']",killed
transformers.py,4,COI,14,3,15,2381,24,24,23,7.733333333333333,23,61,"['17:23', '25:35', '37:48', '23:26', '18:21', '13:16', '8:11', '22:27', '29:34', '36:45', '47:53', '55:61', '388:388', '395:395', '405:411']",killed
transformers.py,5,COI,16,3,15,2381,24,24,23,7.733333333333333,23,61,"['17:23', '25:35', '37:48', '23:26', '18:21', '13:16', '8:11', '22:27', '29:34', '36:45', '47:53', '55:61', '388:388', '395:395', '405:411']",killed
transformers.py,6,COI,18,3,15,2381,24,24,23,7.733333333333333,23,61,"['17:23', '25:35', '37:48', '23:26', '18:21', '13:16', '8:11', '22:27', '29:34', '36:45', '47:53', '55:61', '388:388', '395:395', '405:411']",killed
transformers.py,7,COI,22,3,15,3442,24,24,23,7.733333333333333,23,61,"['17:23', '25:35', '37:48', '23:26', '18:21', '13:16', '8:11', '22:27', '29:34', '36:45', '47:53', '55:61', '388:388', '395:395', '405:411']",killed
transformers.py,8,COI,24,5,13,888,21,24,23,8.0,23,54,"['25:35', '37:48', '23:26', '18:21', '13:16', '22:27', '29:34', '36:45', '47:53', '55:61', '388:388', '395:395', '405:411']",killed
transformers.py,9,COI,26,4,13,2267,21,24,23,8.0,23,54,"['25:35', '37:48', '23:26', '18:21', '13:16', '22:27', '29:34', '36:45', '47:53', '55:61', '388:388', '395:395', '405:411']",killed
transformers.py,10,CRP,14,7,15,2381,24,24,23,7.733333333333333,23,61,"['17:23', '25:35', '37:48', '23:26', '18:21', '13:16', '8:11', '22:27', '29:34', '36:45', '47:53', '55:61', '388:388', '395:395', '405:411']",survived
transformers.py,11,CRP,14,7,15,2381,24,24,23,7.733333333333333,23,61,"['17:23', '25:35', '37:48', '23:26', '18:21', '13:16', '8:11', '22:27', '29:34', '36:45', '47:53', '55:61', '388:388', '395:395', '405:411']",survived
transformers.py,12,CRP,16,7,15,2381,24,24,23,7.733333333333333,23,61,"['17:23', '25:35', '37:48', '23:26', '18:21', '13:16', '8:11', '22:27', '29:34', '36:45', '47:53', '55:61', '388:388', '395:395', '405:411']",killed
transformers.py,13,CRP,16,7,15,2381,24,24,23,7.733333333333333,23,61,"['17:23', '25:35', '37:48', '23:26', '18:21', '13:16', '8:11', '22:27', '29:34', '36:45', '47:53', '55:61', '388:388', '395:395', '405:411']",killed
transformers.py,14,CRP,18,7,15,2381,24,24,23,7.733333333333333,23,61,"['17:23', '25:35', '37:48', '23:26', '18:21', '13:16', '8:11', '22:27', '29:34', '36:45', '47:53', '55:61', '388:388', '395:395', '405:411']",survived
transformers.py,15,CRP,18,7,15,2381,24,24,23,7.733333333333333,23,61,"['17:23', '25:35', '37:48', '23:26', '18:21', '13:16', '8:11', '22:27', '29:34', '36:45', '47:53', '55:61', '388:388', '395:395', '405:411']",survived
transformers.py,16,DDL,12,2,1,1,0,0,0,0.0,0,0,[],incompetent
utils.py,1,AOR,23,6,1,1,0,0,0,0.0,0,0,[],survived
utils.py,2,COD,20,6,1,11,0,0,0,0.0,0,0,[],survived
utils.py,3,COD,22,3,1,2,0,0,0,0.0,0,0,[],survived
utils.py,4,COD,43,5,1,142,0,0,0,0.0,0,0,[],survived
utils.py,5,COD,44,5,1,8,0,0,0,0.0,0,0,[],survived
utils.py,6,COI,6,2,5,5,4,4,6,4.8,6,8,"['23:26', '18:21', '13:16', '8:11']",killed
utils.py,7,COI,19,3,1,10,0,0,0,0.0,0,0,[],survived
utils.py,8,COI,20,4,1,11,0,0,0,0.0,0,0,[],survived
utils.py,9,COI,22,2,1,2,0,0,0,0.0,0,0,[],survived
utils.py,10,COI,35,3,3,256,2,3,23,9.666666666666666,23,-2,"['388:388', '395:395']",survived
utils.py,11,COI,37,4,3,299,2,3,23,9.666666666666666,23,-2,"['388:388', '395:395']",survived
utils.py,12,COI,43,2,1,142,0,0,0,0.0,0,0,[],survived
utils.py,13,CRP,11,7,4,7,3,4,6,4.5,6,6,"['23:26', '18:21', '13:16']",killed
utils.py,14,CRP,11,8,4,7,3,4,6,4.5,6,6,"['23:26', '18:21', '13:16']",killed
utils.py,15,CRP,12,8,4,5,3,4,6,4.5,6,6,"['23:26', '18:21', '13:16']",killed
utils.py,16,CRP,23,6,1,1,0,0,0,0.0,0,0,[],survived
utils.py,17,CRP,23,6,1,1,0,0,0,0.0,0,0,[],survived
utils.py,18,CRP,38,7,3,67,2,3,23,9.666666666666666,23,-2,"['388:388', '395:395']",survived
utils.py,19,CRP,38,7,3,67,2,3,23,9.666666666666666,23,-2,"['388:388', '395:395']",survived
utils.py,20,CRP,40,6,3,187,2,3,23,9.666666666666666,23,-2,"['388:388', '395:395']",survived
utils.py,21,CRP,40,6,3,187,2,3,23,9.666666666666666,23,-2,"['388:388', '395:395']",survived
utils.py,22,LCR,6,5,5,5,4,4,6,4.8,6,8,"['23:26', '18:21', '13:16', '8:11']",killed
utils.py,23,LCR,10,4,4,4,3,4,6,4.5,6,6,"['23:26', '18:21', '13:16']",survived
utils.py,24,LCR,20,7,1,11,0,0,0,0.0,0,0,[],survived
utils.py,25,LCR,43,5,1,142,0,0,0,0.0,0,0,[],survived
utils.py,26,LCR,43,6,1,142,0,0,0,0.0,0,0,[],survived
utils.py,27,LCR,44,6,1,8,0,0,0,0.0,0,0,[],survived
utils.py,28,ROR,12,5,4,5,3,4,6,4.5,6,6,"['23:26', '18:21', '13:16']",killed
utils.py,29,ROR,19,6,1,10,0,0,0,0.0,0,0,[],survived
utils.py,30,ROR,19,6,1,10,0,0,0,0.0,0,0,[],survived
utils.py,31,ROR,20,8,1,11,0,0,0,0.0,0,0,[],survived
utils.py,32,ROR,20,8,1,11,0,0,0,0.0,0,0,[],survived
utils.py,33,ROR,43,7,1,142,0,0,0,0.0,0,0,[],survived
utils.py,34,ROR,43,7,1,142,0,0,0,0.0,0,0,[],survived
utils.py,35,ROR,44,7,1,8,0,0,0,0.0,0,0,[],survived
utils.py,36,ROR,44,7,1,8,0,0,0,0.0,0,0,[],survived
visitors.py,1,AOD,202,6,3,2614,3,3,23,12.0,23,3,"['388:388', '395:395', '405:411']",killed
visitors.py,2,AOD,498,8,2,8,2,3,23,14.5,23,-2,"['388:388', '395:395']",killed
visitors.py,3,AOD,613,5,2,16,2,3,23,14.5,23,-2,"['388:388', '395:395']",survived
visitors.py,4,AOD,916,8,2,10,2,3,23,14.5,23,-2,"['388:388', '395:395']",killed
visitors.py,5,AOD,1012,7,2,9,2,3,23,14.5,23,-2,"['388:388', '395:395']",killed
visitors.py,6,AOR,120,4,1,1,0,0,0,0.0,0,0,[],incompetent
visitors.py,7,AOR,120,4,1,1,0,0,0,0.0,0,0,[],incompetent
visitors.py,8,AOR,120,4,1,1,0,0,0,0.0,0,0,[],incompetent
visitors.py,9,AOR,202,7,3,2614,3,3,23,12.0,23,3,"['388:388', '395:395', '405:411']",killed
visitors.py,10,AOR,204,6,2,53,2,3,23,14.5,23,-2,"['388:388', '395:395']",killed
visitors.py,11,AOR,223,5,3,2614,3,3,23,12.0,23,3,"['388:388', '395:395', '405:411']",timeout
visitors.py,12,AOR,265,6,3,567,3,3,23,12.0,23,3,"['388:388', '395:395', '405:411']",incompetent
visitors.py,13,AOR,265,6,3,567,3,3,23,12.0,23,3,"['388:388', '395:395', '405:411']",incompetent
visitors.py,14,AOR,265,6,3,567,3,3,23,12.0,23,3,"['388:388', '395:395', '405:411']",incompetent
visitors.py,15,AOR,292,6,2,15,2,3,23,14.5,23,-2,"['388:388', '395:395']",incompetent
visitors.py,16,AOR,292,8,2,15,2,3,23,14.5,23,-2,"['388:388', '395:395']",incompetent
visitors.py,17,AOR,292,8,2,15,2,3,23,14.5,23,-2,"['388:388', '395:395']",incompetent
visitors.py,18,AOR,292,8,2,15,2,3,23,14.5,23,-2,"['388:388', '395:395']",incompetent
visitors.py,19,AOR,292,8,2,15,2,3,23,14.5,23,-2,"['388:388', '395:395']",incompetent
visitors.py,20,AOR,292,8,2,15,2,3,23,14.5,23,-2,"['388:388', '395:395']",incompetent
visitors.py,21,AOR,292,8,2,15,2,3,23,14.5,23,-2,"['388:388', '395:395']",incompetent
visitors.py,22,AOR,296,5,2,58,2,3,23,14.5,23,-2,"['388:388', '395:395']",incompetent
visitors.py,23,AOR,296,5,2,58,2,3,23,14.5,23,-2,"['388:388', '395:395']",incompetent
visitors.py,24,AOR,296,5,2,58,2,3,23,14.5,23,-2,"['388:388', '395:395']",incompetent
visitors.py,25,AOR,296,6,2,58,2,3,23,14.5,23,-2,"['388:388', '395:395']",killed
visitors.py,26,AOR,298,6,2,80,2,3,23,14.5,23,-2,"['388:388', '395:395']",incompetent
visitors.py,27,AOR,334,7,2,16,2,3,23,14.5,23,-2,"['388:388', '395:395']",incompetent
visitors.py,28,AOR,335,9,0,0,0,0,0,0,0,0,[],survived
visitors.py,29,AOR,366,7,2,2,2,3,23,14.5,23,-2,"['388:388', '395:395']",incompetent
visitors.py,30,AOR,366,6,2,2,2,3,23,14.5,23,-2,"['388:388', '395:395']",incompetent
visitors.py,31,AOR,375,7,2,6,2,3,23,14.5,23,-2,"['388:388', '395:395']",incompetent
visitors.py,32,AOR,377,7,2,14,2,3,23,14.5,23,-2,"['388:388', '395:395']",incompetent
visitors.py,33,AOR,377,7,2,14,2,3,23,14.5,23,-2,"['388:388', '395:395']",incompetent
visitors.py,34,AOR,377,7,2,14,2,3,23,14.5,23,-2,"['388:388', '395:395']",incompetent
visitors.py,35,AOR,395,7,2,6,2,3,23,14.5,23,-2,"['388:388', '395:395']",incompetent
visitors.py,36,AOR,407,6,2,8,2,3,23,14.5,23,-2,"['388:388', '395:395']",incompetent
visitors.py,37,AOR,429,6,0,0,0,0,0,0,0,0,[],survived
visitors.py,38,AOR,498,9,2,8,2,3,23,14.5,23,-2,"['388:388', '395:395']",killed
visitors.py,39,AOR,502,6,2,2,2,3,23,14.5,23,-2,"['388:388', '395:395']",incompetent
visitors.py,40,AOR,505,6,2,2,2,3,23,14.5,23,-2,"['388:388', '395:395']",incompetent
visitors.py,41,AOR,549,6,2,17,2,3,23,14.5,23,-2,"['388:388', '395:395']",incompetent
visitors.py,42,AOR,613,6,2,16,2,3,23,14.5,23,-2,"['388:388', '395:395']",survived
visitors.py,43,AOR,650,7,2,32,2,3,23,14.5,23,-2,"['388:388', '395:395']",incompetent
visitors.py,44,AOR,657,9,2,2,2,3,23,14.5,23,-2,"['388:388', '395:395']",incompetent
visitors.py,45,AOR,664,8,2,22,2,3,23,14.5,23,-2,"['388:388', '395:395']",incompetent
visitors.py,46,AOR,768,7,2,2,2,3,23,14.5,23,-2,"['388:388', '395:395']",incompetent
visitors.py,47,AOR,863,6,2,14,2,3,23,14.5,23,-2,"['388:388', '395:395']",incompetent
visitors.py,48,AOR,877,6,2,42,2,3,23,14.5,23,-2,"['388:388', '395:395']",incompetent
visitors.py,49,AOR,916,9,2,10,2,3,23,14.5,23,-2,"['388:388', '395:395']",killed
visitors.py,50,AOR,1012,8,2,9,2,3,23,14.5,23,-2,"['388:388', '395:395']",killed
visitors.py,51,AOR,1013,9,2,6,2,3,23,14.5,23,-2,"['388:388', '395:395']",incompetent
visitors.py,52,ASR,57,5,5,12,6,6,9,7.6,9,26,"['22:27', '29:34', '36:45', '47:53', '55:61']",incompetent
visitors.py,53,ASR,177,5,3,447,3,3,23,12.0,23,3,"['388:388', '395:395', '405:411']",killed
visitors.py,54,ASR,228,4,3,2528,3,3,23,12.0,23,3,"['388:388', '395:395', '405:411']",killed
visitors.py,55,ASR,230,4,3,2528,3,3,23,12.0,23,3,"['388:388', '395:395', '405:411']",killed
visitors.py,56,ASR,375,6,2,6,2,3,23,14.5,23,-2,"['388:388', '395:395']",incompetent
visitors.py,57,COD,32,5,5,35,6,6,9,7.6,9,26,"['22:27', '29:34', '36:45', '47:53', '55:61']",killed
visitors.py,58,COD,39,4,5,24,6,6,9,7.6,9,26,"['22:27', '29:34', '36:45', '47:53', '55:61']",killed
visitors.py,59,COD,56,4,5,18,6,6,9,7.6,9,26,"['22:27', '29:34', '36:45', '47:53', '55:61']",killed
visitors.py,60,COD,244,5,3,2418,3,3,23,12.0,23,3,"['388:388', '395:395', '405:411']",killed
visitors.py,61,COD,244,5,3,2418,3,3,23,12.0,23,3,"['388:388', '395:395', '405:411']",killed
visitors.py,62,COD,321,5,2,58,2,3,23,14.5,23,-2,"['388:388', '395:395']",killed
visitors.py,63,COD,324,4,2,10,2,3,23,14.5,23,-2,"['388:388', '395:395']",killed
visitors.py,64,COD,491,4,0,0,0,0,0,0,0,0,[],survived
visitors.py,65,COD,618,5,2,16,2,3,23,14.5,23,-2,"['388:388', '395:395']",killed
visitors.py,66,COD,674,9,2,16,2,3,23,14.5,23,-2,"['388:388', '395:395']",killed
visitors.py,67,COD,675,9,2,8,2,3,23,14.5,23,-2,"['388:388', '395:395']",killed
visitors.py,68,COD,692,5,2,4,2,3,23,14.5,23,-2,"['388:388', '395:395']",killed
visitors.py,69,COI,17,3,5,29,6,6,9,7.6,9,26,"['22:27', '29:34', '36:45', '47:53', '55:61']",killed
visitors.py,70,COI,19,3,5,29,6,6,9,7.6,9,26,"['22:27', '29:34', '36:45', '47:53', '55:61']",killed
visitors.py,71,COI,32,4,5,35,6,6,9,7.6,9,26,"['22:27', '29:34', '36:45', '47:53', '55:61']",killed
visitors.py,72,COI,34,5,5,24,6,6,9,7.6,9,26,"['22:27', '29:34', '36:45', '47:53', '55:61']",killed
visitors.py,73,COI,39,3,5,24,6,6,9,7.6,9,26,"['22:27', '29:34', '36:45', '47:53', '55:61']",killed
visitors.py,74,COI,41,4,5,12,6,6,9,7.6,9,26,"['22:27', '29:34', '36:45', '47:53', '55:61']",killed
visitors.py,75,COI,56,3,5,18,6,6,9,7.6,9,26,"['22:27', '29:34', '36:45', '47:53', '55:61']",killed
visitors.py,76,COI,90,1,1,1,0,0,0,0.0,0,0,[],killed
visitors.py,77,COI,164,3,3,758,3,3,23,12.0,23,3,"['388:388', '395:395', '405:411']",killed
visitors.py,78,COI,166,3,3,758,3,3,23,12.0,23,3,"['388:388', '395:395', '405:411']",killed
visitors.py,79,COI,170,3,3,447,3,3,23,12.0,23,3,"['388:388', '395:395', '405:411']",killed
visitors.py,80,COI,202,3,3,2614,3,3,23,12.0,23,3,"['388:388', '395:395', '405:411']",killed
visitors.py,81,COI,212,3,2,53,2,3,23,14.5,23,-2,"['388:388', '395:395']",killed
visitors.py,82,COI,216,3,2,53,2,3,23,14.5,23,-2,"['388:388', '395:395']",killed
visitors.py,83,COI,234,3,3,313,3,3,23,12.0,23,3,"['388:388', '395:395', '405:411']",killed
visitors.py,84,COI,237,3,3,313,3,3,23,12.0,23,3,"['388:388', '395:395', '405:411']",killed
visitors.py,85,COI,244,3,3,2418,3,3,23,12.0,23,3,"['388:388', '395:395', '405:411']",killed
visitors.py,86,COI,246,3,3,2045,3,3,23,12.0,23,3,"['388:388', '395:395', '405:411']",killed
visitors.py,87,COI,254,3,3,2596,3,3,23,12.0,23,3,"['388:388', '395:395', '405:411']",timeout
visitors.py,88,COI,258,3,3,551,3,3,23,12.0,23,3,"['388:388', '395:395', '405:411']",killed
visitors.py,89,COI,263,3,3,567,3,3,23,12.0,23,3,"['388:388', '395:395', '405:411']",killed
visitors.py,90,COI,268,3,3,483,3,3,23,12.0,23,3,"['388:388', '395:395', '405:411']",killed
visitors.py,91,COI,276,3,2,14,2,3,23,14.5,23,-2,"['388:388', '395:395']",killed
visitors.py,92,COI,280,3,2,18,2,3,23,14.5,23,-2,"['388:388', '395:395']",killed
visitors.py,93,COI,310,3,2,48,2,3,23,14.5,23,-2,"['388:388', '395:395']",killed
visitors.py,94,COI,313,4,2,14,2,3,23,14.5,23,-2,"['388:388', '395:395']",killed
visitors.py,95,COI,316,4,2,34,2,3,23,14.5,23,-2,"['388:388', '395:395']",killed
visitors.py,96,COI,321,3,2,58,2,3,23,14.5,23,-2,"['388:388', '395:395']",killed
visitors.py,97,COI,324,3,2,10,2,3,23,14.5,23,-2,"['388:388', '395:395']",killed
visitors.py,98,COI,333,3,2,116,2,3,23,14.5,23,-2,"['388:388', '395:395']",killed
visitors.py,99,COI,334,4,2,16,2,3,23,14.5,23,-2,"['388:388', '395:395']",killed
visitors.py,100,COI,339,3,2,64,2,3,23,14.5,23,-2,"['388:388', '395:395']",killed
visitors.py,101,COI,357,4,3,59,3,3,23,12.0,23,3,"['388:388', '395:395', '405:411']",killed
visitors.py,102,COI,374,4,2,20,2,3,23,14.5,23,-2,"['388:388', '395:395']",incompetent
visitors.py,103,COI,388,3,2,127,2,3,23,14.5,23,-2,"['388:388', '395:395']",killed
visitors.py,104,COI,394,3,2,10,2,3,23,14.5,23,-2,"['388:388', '395:395']",killed
visitors.py,105,COI,414,3,2,22,2,3,23,14.5,23,-2,"['388:388', '395:395']",killed
visitors.py,106,COI,421,4,0,0,0,0,0,0,0,0,[],survived
visitors.py,107,COI,441,3,2,44,2,3,23,14.5,23,-2,"['388:388', '395:395']",killed
visitors.py,108,COI,448,3,2,44,2,3,23,14.5,23,-2,"['388:388', '395:395']",killed
visitors.py,109,COI,452,3,2,23,2,3,23,14.5,23,-2,"['388:388', '395:395']",killed
visitors.py,110,COI,482,3,0,0,0,0,0,0,0,0,[],survived
visitors.py,111,COI,487,4,0,0,0,0,0,0,0,0,[],survived
visitors.py,112,COI,491,3,0,0,0,0,0,0,0,0,[],survived
visitors.py,113,COI,498,4,2,8,2,3,23,14.5,23,-2,"['388:388', '395:395']",killed
visitors.py,114,COI,510,3,2,6,2,3,23,14.5,23,-2,"['388:388', '395:395']",killed
visitors.py,115,COI,523,3,2,7,2,3,23,14.5,23,-2,"['388:388', '395:395']",killed
visitors.py,116,COI,525,4,0,0,0,0,0,0,0,0,[],survived
visitors.py,117,COI,531,3,0,0,0,0,0,0,0,0,[],survived
visitors.py,118,COI,534,3,0,0,0,0,0,0,0,0,[],survived
visitors.py,119,COI,541,3,2,7,2,3,23,14.5,23,-2,"['388:388', '395:395']",killed
visitors.py,120,COI,556,4,0,0,0,0,0,0,0,0,[],survived
visitors.py,121,COI,560,4,0,0,0,0,0,0,0,0,[],survived
visitors.py,122,COI,615,5,2,26,2,3,23,14.5,23,-2,"['388:388', '395:395']",killed
visitors.py,123,COI,618,4,2,16,2,3,23,14.5,23,-2,"['388:388', '395:395']",killed
visitors.py,124,COI,625,6,2,16,2,3,23,14.5,23,-2,"['388:388', '395:395']",killed
visitors.py,125,COI,638,5,2,6,2,3,23,14.5,23,-2,"['388:388', '395:395']",killed
visitors.py,126,COI,640,5,2,6,2,3,23,14.5,23,-2,"['388:388', '395:395']",killed
visitors.py,127,COI,656,5,2,4,2,3,23,14.5,23,-2,"['388:388', '395:395']",killed
visitors.py,128,COI,671,4,2,16,2,3,23,14.5,23,-2,"['388:388', '395:395']",killed
visitors.py,129,COI,690,3,2,14,2,3,23,14.5,23,-2,"['388:388', '395:395']",killed
visitors.py,130,COI,692,4,2,4,2,3,23,14.5,23,-2,"['388:388', '395:395']",killed
visitors.py,131,COI,696,3,2,14,2,3,23,14.5,23,-2,"['388:388', '395:395']",killed
visitors.py,132,COI,700,3,2,14,2,3,23,14.5,23,-2,"['388:388', '395:395']",killed
visitors.py,133,COI,705,4,2,8,2,3,23,14.5,23,-2,"['388:388', '395:395']",killed
visitors.py,134,COI,711,3,2,6,2,3,23,14.5,23,-2,"['388:388', '395:395']",killed
visitors.py,135,COI,767,3,2,12,2,3,23,14.5,23,-2,"['388:388', '395:395']",incompetent
visitors.py,136,COI,775,3,2,8,2,3,23,14.5,23,-2,"['388:388', '395:395']",killed
visitors.py,137,COI,782,3,2,12,2,3,23,14.5,23,-2,"['388:388', '395:395']",killed
visitors.py,138,COI,785,4,2,12,2,3,23,14.5,23,-2,"['388:388', '395:395']",killed
visitors.py,139,COI,797,3,2,4,2,3,23,14.5,23,-2,"['388:388', '395:395']",killed
visitors.py,140,COI,804,3,0,0,0,0,0,0,0,0,[],survived
visitors.py,141,COI,806,3,0,0,0,0,0,0,0,0,[],survived
visitors.py,142,COI,829,3,0,0,0,0,0,0,0,0,[],survived
visitors.py,143,COI,855,4,2,8,2,3,23,14.5,23,-2,"['388:388', '395:395']",killed
visitors.py,144,COI,867,3,2,14,2,3,23,14.5,23,-2,"['388:388', '395:395']",killed
visitors.py,145,COI,880,3,2,42,2,3,23,14.5,23,-2,"['388:388', '395:395']",killed
visitors.py,146,COI,901,3,2,12,2,3,23,14.5,23,-2,"['388:388', '395:395']",killed
visitors.py,147,COI,903,3,2,12,2,3,23,14.5,23,-2,"['388:388', '395:395']",killed
visitors.py,148,COI,905,3,2,12,2,3,23,14.5,23,-2,"['388:388', '395:395']",killed
visitors.py,149,COI,913,4,2,10,2,3,23,14.5,23,-2,"['388:388', '395:395']",killed
visitors.py,150,COI,916,4,2,10,2,3,23,14.5,23,-2,"['388:388', '395:395']",killed
visitors.py,151,COI,933,3,3,374,3,3,23,12.0,23,3,"['388:388', '395:395', '405:411']",killed
visitors.py,152,COI,957,3,2,2,2,3,23,14.5,23,-2,"['388:388', '395:395']",killed
visitors.py,153,COI,972,4,2,8,2,3,23,14.5,23,-2,"['388:388', '395:395']",killed
visitors.py,154,COI,983,4,2,26,2,3,23,14.5,23,-2,"['388:388', '395:395']",killed
visitors.py,155,COI,1000,3,2,10,2,3,23,14.5,23,-2,"['388:388', '395:395']",killed
visitors.py,156,COI,1003,6,2,15,2,3,23,14.5,23,-2,"['388:388', '395:395']",killed
visitors.py,157,COI,1009,3,2,9,2,3,23,14.5,23,-2,"['388:388', '395:395']",killed
visitors.py,158,COI,1012,5,2,9,2,3,23,14.5,23,-2,"['388:388', '395:395']",killed
visitors.py,159,CRP,14,6,1,5,0,0,0,0.0,0,0,[],killed
visitors.py,160,CRP,14,6,1,5,0,0,0,0.0,0,0,[],killed
visitors.py,161,CRP,17,6,5,29,6,6,9,7.6,9,26,"['22:27', '29:34', '36:45', '47:53', '55:61']",survived
visitors.py,162,CRP,19,6,5,29,6,6,9,7.6,9,26,"['22:27', '29:34', '36:45', '47:53', '55:61']",killed
visitors.py,163,CRP,35,10,5,18,6,6,9,7.6,9,26,"['22:27', '29:34', '36:45', '47:53', '55:61']",killed
visitors.py,164,CRP,35,10,5,18,6,6,9,7.6,9,26,"['22:27', '29:34', '36:45', '47:53', '55:61']",killed
visitors.py,165,CRP,36,6,5,29,6,6,9,7.6,9,26,"['22:27', '29:34', '36:45', '47:53', '55:61']",killed
visitors.py,166,CRP,36,6,5,29,6,6,9,7.6,9,26,"['22:27', '29:34', '36:45', '47:53', '55:61']",killed
visitors.py,167,CRP,36,7,5,29,6,6,9,7.6,9,26,"['22:27', '29:34', '36:45', '47:53', '55:61']",killed
visitors.py,168,CRP,36,7,5,29,6,6,9,7.6,9,26,"['22:27', '29:34', '36:45', '47:53', '55:61']",killed
visitors.py,169,CRP,41,7,5,12,6,6,9,7.6,9,26,"['22:27', '29:34', '36:45', '47:53', '55:61']",survived
visitors.py,170,CRP,47,5,5,23,6,6,9,7.6,9,26,"['22:27', '29:34', '36:45', '47:53', '55:61']",survived
visitors.py,171,CRP,47,5,5,23,6,6,9,7.6,9,26,"['22:27', '29:34', '36:45', '47:53', '55:61']",survived
visitors.py,172,CRP,48,5,5,23,6,6,9,7.6,9,26,"['22:27', '29:34', '36:45', '47:53', '55:61']",survived
visitors.py,173,CRP,48,5,5,23,6,6,9,7.6,9,26,"['22:27', '29:34', '36:45', '47:53', '55:61']",survived
visitors.py,174,CRP,47,5,5,23,6,6,9,7.6,9,26,"['22:27', '29:34', '36:45', '47:53', '55:61']",survived
visitors.py,175,CRP,47,5,5,23,6,6,9,7.6,9,26,"['22:27', '29:34', '36:45', '47:53', '55:61']",survived
visitors.py,176,CRP,48,5,5,23,6,6,9,7.6,9,26,"['22:27', '29:34', '36:45', '47:53', '55:61']",survived
visitors.py,177,CRP,48,5,5,23,6,6,9,7.6,9,26,"['22:27', '29:34', '36:45', '47:53', '55:61']",survived
visitors.py,178,CRP,57,7,5,12,6,6,9,7.6,9,26,"['22:27', '29:34', '36:45', '47:53', '55:61']",killed
visitors.py,179,CRP,57,7,5,12,6,6,9,7.6,9,26,"['22:27', '29:34', '36:45', '47:53', '55:61']",killed
visitors.py,180,CRP,62,5,5,18,6,6,9,7.6,9,26,"['22:27', '29:34', '36:45', '47:53', '55:61']",survived
visitors.py,181,CRP,62,5,5,18,6,6,9,7.6,9,26,"['22:27', '29:34', '36:45', '47:53', '55:61']",survived
visitors.py,182,CRP,62,5,5,18,6,6,9,7.6,9,26,"['22:27', '29:34', '36:45', '47:53', '55:61']",survived
visitors.py,183,CRP,62,5,5,18,6,6,9,7.6,9,26,"['22:27', '29:34', '36:45', '47:53', '55:61']",survived
visitors.py,184,CRP,68,2,0,0,0,0,0,0,0,0,[],survived
visitors.py,185,CRP,68,2,0,0,0,0,0,0,0,0,[],survived
visitors.py,186,CRP,71,3,1,1,0,0,0,0.0,0,0,[],killed
visitors.py,187,CRP,71,3,1,1,0,0,0,0.0,0,0,[],killed
visitors.py,188,CRP,72,3,1,1,0,0,0,0.0,0,0,[],survived
visitors.py,189,CRP,72,3,1,1,0,0,0,0.0,0,0,[],survived
visitors.py,190,CRP,76,3,1,1,0,0,0,0.0,0,0,[],killed
visitors.py,191,CRP,76,3,1,1,0,0,0,0.0,0,0,[],killed
visitors.py,192,CRP,77,3,1,1,0,0,0,0.0,0,0,[],killed
visitors.py,193,CRP,77,3,1,1,0,0,0,0.0,0,0,[],killed
visitors.py,194,CRP,78,3,1,1,0,0,0,0.0,0,0,[],killed
visitors.py,195,CRP,78,3,1,1,0,0,0,0.0,0,0,[],killed
visitors.py,196,CRP,79,3,1,1,0,0,0,0.0,0,0,[],killed
visitors.py,197,CRP,79,3,1,1,0,0,0,0.0,0,0,[],killed
visitors.py,198,CRP,80,3,1,1,0,0,0,0.0,0,0,[],killed
visitors.py,199,CRP,80,3,1,1,0,0,0,0.0,0,0,[],killed
visitors.py,200,CRP,81,3,1,1,0,0,0,0.0,0,0,[],killed
visitors.py,201,CRP,81,3,1,1,0,0,0,0.0,0,0,[],killed
visitors.py,202,CRP,82,3,1,1,0,0,0,0.0,0,0,[],survived
visitors.py,203,CRP,82,3,1,1,0,0,0,0.0,0,0,[],survived
visitors.py,204,CRP,83,3,1,1,0,0,0,0.0,0,0,[],survived
visitors.py,205,CRP,83,3,1,1,0,0,0,0.0,0,0,[],survived
visitors.py,206,CRP,84,3,1,1,0,0,0,0.0,0,0,[],survived
visitors.py,207,CRP,84,3,1,1,0,0,0,0.0,0,0,[],survived
visitors.py,208,CRP,85,3,1,1,0,0,0,0.0,0,0,[],survived
visitors.py,209,CRP,85,3,1,1,0,0,0,0.0,0,0,[],survived
visitors.py,210,CRP,86,3,1,1,0,0,0,0.0,0,0,[],survived
visitors.py,211,CRP,86,3,1,1,0,0,0,0.0,0,0,[],survived
visitors.py,212,CRP,87,3,1,1,0,0,0,0.0,0,0,[],killed
visitors.py,213,CRP,87,3,1,1,0,0,0,0.0,0,0,[],killed
visitors.py,214,CRP,90,6,1,1,0,0,0,0.0,0,0,[],killed
visitors.py,215,CRP,90,6,1,1,0,0,0,0.0,0,0,[],survived
visitors.py,216,CRP,91,3,1,1,0,0,0,0.0,0,0,[],killed
visitors.py,217,CRP,91,3,1,1,0,0,0,0.0,0,0,[],killed
visitors.py,218,CRP,94,3,1,1,0,0,0,0.0,0,0,[],killed
visitors.py,219,CRP,94,3,1,1,0,0,0,0.0,0,0,[],killed
visitors.py,220,CRP,95,3,1,1,0,0,0,0.0,0,0,[],killed
visitors.py,221,CRP,95,3,1,1,0,0,0,0.0,0,0,[],killed
visitors.py,222,CRP,96,3,1,1,0,0,0,0.0,0,0,[],killed
visitors.py,223,CRP,96,3,1,1,0,0,0,0.0,0,0,[],killed
visitors.py,224,CRP,97,3,1,1,0,0,0,0.0,0,0,[],survived
visitors.py,225,CRP,97,3,1,1,0,0,0,0.0,0,0,[],survived
visitors.py,226,CRP,98,3,1,1,0,0,0,0.0,0,0,[],survived
visitors.py,227,CRP,98,3,1,1,0,0,0,0.0,0,0,[],survived
visitors.py,228,CRP,99,3,1,1,0,0,0,0.0,0,0,[],survived
visitors.py,229,CRP,99,3,1,1,0,0,0,0.0,0,0,[],survived
visitors.py,230,CRP,100,3,1,1,0,0,0,0.0,0,0,[],killed
visitors.py,231,CRP,100,3,1,1,0,0,0,0.0,0,0,[],killed
visitors.py,232,CRP,101,3,1,1,0,0,0,0.0,0,0,[],survived
visitors.py,233,CRP,101,3,1,1,0,0,0,0.0,0,0,[],survived
visitors.py,234,CRP,102,3,1,1,0,0,0,0.0,0,0,[],killed
visitors.py,235,CRP,102,3,1,1,0,0,0,0.0,0,0,[],killed
visitors.py,236,CRP,103,3,1,1,0,0,0,0.0,0,0,[],survived
visitors.py,237,CRP,103,3,1,1,0,0,0,0.0,0,0,[],survived
visitors.py,238,CRP,107,3,1,1,0,0,0,0.0,0,0,[],survived
visitors.py,239,CRP,107,3,1,1,0,0,0,0.0,0,0,[],survived
visitors.py,240,CRP,108,3,1,1,0,0,0,0.0,0,0,[],killed
visitors.py,241,CRP,108,3,1,1,0,0,0,0.0,0,0,[],killed
visitors.py,242,CRP,109,3,1,1,0,0,0,0.0,0,0,[],survived
visitors.py,243,CRP,109,3,1,1,0,0,0,0.0,0,0,[],survived
visitors.py,244,CRP,110,3,1,1,0,0,0,0.0,0,0,[],killed
visitors.py,245,CRP,110,3,1,1,0,0,0,0.0,0,0,[],killed
visitors.py,246,CRP,120,4,1,1,0,0,0,0.0,0,0,[],killed
visitors.py,247,CRP,120,4,1,1,0,0,0,0.0,0,0,[],killed
visitors.py,248,CRP,120,4,1,1,0,0,0,0.0,0,0,[],killed
visitors.py,249,CRP,139,5,3,311,3,3,23,12.0,23,3,"['388:388', '395:395', '405:411']",killed
visitors.py,250,CRP,161,4,3,311,3,3,23,12.0,23,3,"['388:388', '395:395', '405:411']",killed
visitors.py,251,CRP,164,6,3,758,3,3,23,12.0,23,3,"['388:388', '395:395', '405:411']",killed
visitors.py,252,CRP,164,6,3,758,3,3,23,12.0,23,3,"['388:388', '395:395', '405:411']",killed
visitors.py,253,CRP,166,7,3,758,3,3,23,12.0,23,3,"['388:388', '395:395', '405:411']",killed
visitors.py,254,CRP,166,7,3,758,3,3,23,12.0,23,3,"['388:388', '395:395', '405:411']",killed
visitors.py,255,CRP,177,5,3,447,3,3,23,12.0,23,3,"['388:388', '395:395', '405:411']",killed
visitors.py,256,CRP,190,4,3,311,3,3,23,12.0,23,3,"['388:388', '395:395', '405:411']",killed
visitors.py,257,CRP,197,10,3,2614,3,3,23,12.0,23,3,"['388:388', '395:395', '405:411']",survived
visitors.py,258,CRP,197,7,3,2614,3,3,23,12.0,23,3,"['388:388', '395:395', '405:411']",killed
visitors.py,259,CRP,197,7,3,2614,3,3,23,12.0,23,3,"['388:388', '395:395', '405:411']",killed
visitors.py,260,CRP,197,5,3,2614,3,3,23,12.0,23,3,"['388:388', '395:395', '405:411']",survived
visitors.py,261,CRP,202,8,3,2614,3,3,23,12.0,23,3,"['388:388', '395:395', '405:411']",killed
visitors.py,262,CRP,204,7,2,53,2,3,23,14.5,23,-2,"['388:388', '395:395']",killed
visitors.py,263,CRP,204,7,2,53,2,3,23,14.5,23,-2,"['388:388', '395:395']",killed
visitors.py,264,CRP,217,6,1,4,1,3,6,6.0,23,-1,['395:395'],killed
visitors.py,265,CRP,217,6,1,4,1,3,6,6.0,23,-1,['395:395'],killed
visitors.py,266,CRP,224,5,3,2614,3,3,23,12.0,23,3,"['388:388', '395:395', '405:411']",killed
visitors.py,267,CRP,227,4,1,1,0,0,0,0.0,0,0,[],survived
visitors.py,268,CRP,244,8,3,2418,3,3,23,12.0,23,3,"['388:388', '395:395', '405:411']",killed
visitors.py,269,CRP,244,8,3,2418,3,3,23,12.0,23,3,"['388:388', '395:395', '405:411']",killed
visitors.py,270,CRP,247,5,3,1493,3,3,23,12.0,23,3,"['388:388', '395:395', '405:411']",killed
visitors.py,271,CRP,249,5,3,552,3,3,23,12.0,23,3,"['388:388', '395:395', '405:411']",killed
visitors.py,272,CRP,259,6,2,6,2,3,23,14.5,23,-2,"['388:388', '395:395']",killed
visitors.py,273,CRP,259,6,2,6,2,3,23,14.5,23,-2,"['388:388', '395:395']",killed
visitors.py,274,CRP,264,6,3,256,3,3,23,12.0,23,3,"['388:388', '395:395', '405:411']",timeout
visitors.py,275,CRP,264,6,3,256,3,3,23,12.0,23,3,"['388:388', '395:395', '405:411']",timeout
visitors.py,276,CRP,267,4,1,1,0,0,0,0.0,0,0,[],killed
visitors.py,277,CRP,280,8,2,18,2,3,23,14.5,23,-2,"['388:388', '395:395']",killed
visitors.py,278,CRP,286,5,2,12,2,3,23,14.5,23,-2,"['388:388', '395:395']",killed
visitors.py,279,CRP,286,5,2,12,2,3,23,14.5,23,-2,"['388:388', '395:395']",killed
visitors.py,280,CRP,290,5,2,15,2,3,23,14.5,23,-2,"['388:388', '395:395']",killed
visitors.py,281,CRP,290,5,2,15,2,3,23,14.5,23,-2,"['388:388', '395:395']",killed
visitors.py,282,CRP,290,5,2,15,2,3,23,14.5,23,-2,"['388:388', '395:395']",killed
visitors.py,283,CRP,290,5,2,15,2,3,23,14.5,23,-2,"['388:388', '395:395']",killed
visitors.py,284,CRP,291,5,2,15,2,3,23,14.5,23,-2,"['388:388', '395:395']",killed
visitors.py,285,CRP,291,5,2,15,2,3,23,14.5,23,-2,"['388:388', '395:395']",killed
visitors.py,286,CRP,291,5,2,15,2,3,23,14.5,23,-2,"['388:388', '395:395']",survived
visitors.py,287,CRP,291,5,2,15,2,3,23,14.5,23,-2,"['388:388', '395:395']",survived
visitors.py,288,CRP,292,6,2,15,2,3,23,14.5,23,-2,"['388:388', '395:395']",incompetent
visitors.py,289,CRP,292,6,2,15,2,3,23,14.5,23,-2,"['388:388', '395:395']",incompetent
visitors.py,290,CRP,292,10,2,15,2,3,23,14.5,23,-2,"['388:388', '395:395']",killed
visitors.py,291,CRP,292,8,2,15,2,3,23,14.5,23,-2,"['388:388', '395:395']",killed
visitors.py,292,CRP,292,10,2,15,2,3,23,14.5,23,-2,"['388:388', '395:395']",killed
visitors.py,293,CRP,292,8,2,15,2,3,23,14.5,23,-2,"['388:388', '395:395']",killed
visitors.py,294,CRP,301,5,2,58,2,3,23,14.5,23,-2,"['388:388', '395:395']",killed
visitors.py,295,CRP,301,5,2,58,2,3,23,14.5,23,-2,"['388:388', '395:395']",killed
visitors.py,296,CRP,301,6,2,58,2,3,23,14.5,23,-2,"['388:388', '395:395']",killed
visitors.py,297,CRP,301,6,2,58,2,3,23,14.5,23,-2,"['388:388', '395:395']",killed
visitors.py,298,CRP,303,5,2,58,2,3,23,14.5,23,-2,"['388:388', '395:395']",killed
visitors.py,299,CRP,303,5,2,58,2,3,23,14.5,23,-2,"['388:388', '395:395']",killed
visitors.py,300,CRP,303,6,2,58,2,3,23,14.5,23,-2,"['388:388', '395:395']",killed
visitors.py,301,CRP,303,6,2,58,2,3,23,14.5,23,-2,"['388:388', '395:395']",killed
visitors.py,302,CRP,305,4,1,1,0,0,0,0.0,0,0,[],killed
visitors.py,303,CRP,310,6,2,48,2,3,23,14.5,23,-2,"['388:388', '395:395']",killed
visitors.py,304,CRP,310,6,2,48,2,3,23,14.5,23,-2,"['388:388', '395:395']",killed
visitors.py,305,CRP,311,6,2,14,2,3,23,14.5,23,-2,"['388:388', '395:395']",killed
visitors.py,306,CRP,311,6,2,14,2,3,23,14.5,23,-2,"['388:388', '395:395']",killed
visitors.py,307,CRP,314,7,2,8,2,3,23,14.5,23,-2,"['388:388', '395:395']",killed
visitors.py,308,CRP,314,7,2,8,2,3,23,14.5,23,-2,"['388:388', '395:395']",killed
visitors.py,309,CRP,317,7,2,6,2,3,23,14.5,23,-2,"['388:388', '395:395']",killed
visitors.py,310,CRP,317,7,2,6,2,3,23,14.5,23,-2,"['388:388', '395:395']",killed
visitors.py,311,CRP,321,8,2,58,2,3,23,14.5,23,-2,"['388:388', '395:395']",killed
visitors.py,312,CRP,321,8,2,58,2,3,23,14.5,23,-2,"['388:388', '395:395']",killed
visitors.py,313,CRP,321,7,2,58,2,3,23,14.5,23,-2,"['388:388', '395:395']",killed
visitors.py,314,CRP,326,6,2,6,2,3,23,14.5,23,-2,"['388:388', '395:395']",killed
visitors.py,315,CRP,326,6,2,6,2,3,23,14.5,23,-2,"['388:388', '395:395']",killed
visitors.py,316,CRP,334,8,2,16,2,3,23,14.5,23,-2,"['388:388', '395:395']",killed
visitors.py,317,CRP,334,8,2,16,2,3,23,14.5,23,-2,"['388:388', '395:395']",killed
visitors.py,318,CRP,335,9,0,0,0,0,0,0,0,0,[],survived
visitors.py,319,CRP,335,9,0,0,0,0,0,0,0,0,[],survived
visitors.py,320,CRP,341,7,2,2,2,3,23,14.5,23,-2,"['388:388', '395:395']",killed
visitors.py,321,CRP,341,7,2,2,2,3,23,14.5,23,-2,"['388:388', '395:395']",killed
visitors.py,322,CRP,352,6,3,311,3,3,23,12.0,23,3,"['388:388', '395:395', '405:411']",killed
visitors.py,323,CRP,358,7,2,4,2,3,23,14.5,23,-2,"['388:388', '395:395']",killed
visitors.py,324,CRP,358,7,2,4,2,3,23,14.5,23,-2,"['388:388', '395:395']",killed
visitors.py,325,CRP,360,5,3,55,3,3,23,12.0,23,3,"['388:388', '395:395', '405:411']",killed
visitors.py,326,CRP,360,5,3,55,3,3,23,12.0,23,3,"['388:388', '395:395', '405:411']",killed
visitors.py,327,CRP,366,7,2,2,2,3,23,14.5,23,-2,"['388:388', '395:395']",killed
visitors.py,328,CRP,366,7,2,2,2,3,23,14.5,23,-2,"['388:388', '395:395']",killed
visitors.py,329,CRP,366,6,2,2,2,3,23,14.5,23,-2,"['388:388', '395:395']",killed
visitors.py,330,CRP,366,6,2,2,2,3,23,14.5,23,-2,"['388:388', '395:395']",killed
visitors.py,331,CRP,375,7,2,6,2,3,23,14.5,23,-2,"['388:388', '395:395']",killed
visitors.py,332,CRP,375,7,2,6,2,3,23,14.5,23,-2,"['388:388', '395:395']",killed
visitors.py,333,CRP,377,7,2,14,2,3,23,14.5,23,-2,"['388:388', '395:395']",killed
visitors.py,334,CRP,377,7,2,14,2,3,23,14.5,23,-2,"['388:388', '395:395']",killed
visitors.py,335,CRP,377,7,2,14,2,3,23,14.5,23,-2,"['388:388', '395:395']",killed
visitors.py,336,CRP,377,7,2,14,2,3,23,14.5,23,-2,"['388:388', '395:395']",killed
visitors.py,337,CRP,377,7,2,14,2,3,23,14.5,23,-2,"['388:388', '395:395']",killed
visitors.py,338,CRP,377,8,2,14,2,3,23,14.5,23,-2,"['388:388', '395:395']",killed
visitors.py,339,CRP,377,8,2,14,2,3,23,14.5,23,-2,"['388:388', '395:395']",killed
visitors.py,340,CRP,381,5,2,8,2,3,23,14.5,23,-2,"['388:388', '395:395']",killed
visitors.py,341,CRP,381,5,2,8,2,3,23,14.5,23,-2,"['388:388', '395:395']",killed
visitors.py,342,CRP,394,6,2,10,2,3,23,14.5,23,-2,"['388:388', '395:395']",killed
visitors.py,343,CRP,394,6,2,10,2,3,23,14.5,23,-2,"['388:388', '395:395']",killed
visitors.py,344,CRP,395,7,2,6,2,3,23,14.5,23,-2,"['388:388', '395:395']",killed
visitors.py,345,CRP,395,7,2,6,2,3,23,14.5,23,-2,"['388:388', '395:395']",killed
visitors.py,346,CRP,397,6,2,4,2,3,23,14.5,23,-2,"['388:388', '395:395']",killed
visitors.py,347,CRP,397,6,2,4,2,3,23,14.5,23,-2,"['388:388', '395:395']",killed
visitors.py,348,CRP,407,6,2,8,2,3,23,14.5,23,-2,"['388:388', '395:395']",incompetent
visitors.py,349,CRP,407,6,2,8,2,3,23,14.5,23,-2,"['388:388', '395:395']",incompetent
visitors.py,350,CRP,409,5,2,8,2,3,23,14.5,23,-2,"['388:388', '395:395']",killed
visitors.py,351,CRP,409,5,2,8,2,3,23,14.5,23,-2,"['388:388', '395:395']",killed
visitors.py,352,CRP,413,7,2,22,2,3,23,14.5,23,-2,"['388:388', '395:395']",survived
visitors.py,353,CRP,413,7,2,22,2,3,23,14.5,23,-2,"['388:388', '395:395']",survived
visitors.py,354,CRP,415,6,2,12,2,3,23,14.5,23,-2,"['388:388', '395:395']",killed
visitors.py,355,CRP,415,6,2,12,2,3,23,14.5,23,-2,"['388:388', '395:395']",killed
visitors.py,356,CRP,422,7,0,0,0,0,0,0,0,0,[],survived
visitors.py,357,CRP,422,7,0,0,0,0,0,0,0,0,[],survived
visitors.py,358,CRP,425,7,0,0,0,0,0,0,0,0,[],survived
visitors.py,359,CRP,425,7,0,0,0,0,0,0,0,0,[],survived
visitors.py,360,CRP,429,6,0,0,0,0,0,0,0,0,[],survived
visitors.py,361,CRP,429,6,0,0,0,0,0,0,0,0,[],survived
visitors.py,362,CRP,433,7,0,0,0,0,0,0,0,0,[],survived
visitors.py,363,CRP,433,7,0,0,0,0,0,0,0,0,[],survived
visitors.py,364,CRP,433,6,0,0,0,0,0,0,0,0,[],survived
visitors.py,365,CRP,433,6,0,0,0,0,0,0,0,0,[],survived
visitors.py,366,CRP,442,6,2,15,2,3,23,14.5,23,-2,"['388:388', '395:395']",killed
visitors.py,367,CRP,442,6,2,15,2,3,23,14.5,23,-2,"['388:388', '395:395']",killed
visitors.py,368,CRP,444,6,2,29,2,3,23,14.5,23,-2,"['388:388', '395:395']",killed
visitors.py,369,CRP,444,6,2,29,2,3,23,14.5,23,-2,"['388:388', '395:395']",killed
visitors.py,370,CRP,446,5,2,44,2,3,23,14.5,23,-2,"['388:388', '395:395']",killed
visitors.py,371,CRP,446,5,2,44,2,3,23,14.5,23,-2,"['388:388', '395:395']",killed
visitors.py,372,CRP,452,7,2,23,2,3,23,14.5,23,-2,"['388:388', '395:395']",killed
visitors.py,373,CRP,452,9,2,23,2,3,23,14.5,23,-2,"['388:388', '395:395']",killed
visitors.py,374,CRP,453,8,2,15,2,3,23,14.5,23,-2,"['388:388', '395:395']",killed
visitors.py,375,CRP,462,5,2,6,2,3,23,14.5,23,-2,"['388:388', '395:395']",killed
visitors.py,376,CRP,462,5,2,6,2,3,23,14.5,23,-2,"['388:388', '395:395']",killed
visitors.py,377,CRP,464,5,2,6,2,3,23,14.5,23,-2,"['388:388', '395:395']",killed
visitors.py,378,CRP,464,5,2,6,2,3,23,14.5,23,-2,"['388:388', '395:395']",killed
visitors.py,379,CRP,466,5,2,6,2,3,23,14.5,23,-2,"['388:388', '395:395']",killed
visitors.py,380,CRP,466,5,2,6,2,3,23,14.5,23,-2,"['388:388', '395:395']",killed
visitors.py,381,CRP,470,5,2,8,2,3,23,14.5,23,-2,"['388:388', '395:395']",killed
visitors.py,382,CRP,470,5,2,8,2,3,23,14.5,23,-2,"['388:388', '395:395']",killed
visitors.py,383,CRP,472,5,2,8,2,3,23,14.5,23,-2,"['388:388', '395:395']",killed
visitors.py,384,CRP,472,5,2,8,2,3,23,14.5,23,-2,"['388:388', '395:395']",killed
visitors.py,385,CRP,476,5,2,128,2,3,23,14.5,23,-2,"['388:388', '395:395']",killed
visitors.py,386,CRP,476,5,2,128,2,3,23,14.5,23,-2,"['388:388', '395:395']",killed
visitors.py,387,CRP,480,5,0,0,0,0,0,0,0,0,[],survived
visitors.py,388,CRP,480,5,0,0,0,0,0,0,0,0,[],survived
visitors.py,389,CRP,483,6,0,0,0,0,0,0,0,0,[],survived
visitors.py,390,CRP,483,6,0,0,0,0,0,0,0,0,[],survived
visitors.py,391,CRP,488,7,0,0,0,0,0,0,0,0,[],survived
visitors.py,392,CRP,488,7,0,0,0,0,0,0,0,0,[],survived
visitors.py,393,CRP,492,6,0,0,0,0,0,0,0,0,[],survived
visitors.py,394,CRP,492,6,0,0,0,0,0,0,0,0,[],survived
visitors.py,395,CRP,495,5,2,4,2,3,23,14.5,23,-2,"['388:388', '395:395']",killed
visitors.py,396,CRP,495,5,2,4,2,3,23,14.5,23,-2,"['388:388', '395:395']",killed
visitors.py,397,CRP,498,10,2,8,2,3,23,14.5,23,-2,"['388:388', '395:395']",killed
visitors.py,398,CRP,499,7,2,4,2,3,23,14.5,23,-2,"['388:388', '395:395']",killed
visitors.py,399,CRP,499,7,2,4,2,3,23,14.5,23,-2,"['388:388', '395:395']",killed
visitors.py,400,CRP,502,6,2,2,2,3,23,14.5,23,-2,"['388:388', '395:395']",killed
visitors.py,401,CRP,502,6,2,2,2,3,23,14.5,23,-2,"['388:388', '395:395']",killed
visitors.py,402,CRP,502,8,2,2,2,3,23,14.5,23,-2,"['388:388', '395:395']",survived
visitors.py,403,CRP,502,8,2,2,2,3,23,14.5,23,-2,"['388:388', '395:395']",survived
visitors.py,404,CRP,505,6,2,2,2,3,23,14.5,23,-2,"['388:388', '395:395']",killed
visitors.py,405,CRP,505,6,2,2,2,3,23,14.5,23,-2,"['388:388', '395:395']",killed
visitors.py,406,CRP,505,8,2,2,2,3,23,14.5,23,-2,"['388:388', '395:395']",survived
visitors.py,407,CRP,505,8,2,2,2,3,23,14.5,23,-2,"['388:388', '395:395']",survived
visitors.py,408,CRP,509,5,2,6,2,3,23,14.5,23,-2,"['388:388', '395:395']",killed
visitors.py,409,CRP,509,5,2,6,2,3,23,14.5,23,-2,"['388:388', '395:395']",killed
visitors.py,410,CRP,511,6,2,4,2,3,23,14.5,23,-2,"['388:388', '395:395']",killed
visitors.py,411,CRP,511,6,2,4,2,3,23,14.5,23,-2,"['388:388', '395:395']",killed
visitors.py,412,CRP,515,5,2,4,2,3,23,14.5,23,-2,"['388:388', '395:395']",killed
visitors.py,413,CRP,515,5,2,4,2,3,23,14.5,23,-2,"['388:388', '395:395']",killed
visitors.py,414,CRP,518,5,2,2,2,3,23,14.5,23,-2,"['388:388', '395:395']",killed
visitors.py,415,CRP,518,5,2,2,2,3,23,14.5,23,-2,"['388:388', '395:395']",killed
visitors.py,416,CRP,522,5,2,7,2,3,23,14.5,23,-2,"['388:388', '395:395']",killed
visitors.py,417,CRP,522,5,2,7,2,3,23,14.5,23,-2,"['388:388', '395:395']",killed
visitors.py,418,CRP,523,6,2,7,2,3,23,14.5,23,-2,"['388:388', '395:395']",killed
visitors.py,419,CRP,523,6,2,7,2,3,23,14.5,23,-2,"['388:388', '395:395']",killed
visitors.py,420,CRP,525,7,0,0,0,0,0,0,0,0,[],survived
visitors.py,421,CRP,525,7,0,0,0,0,0,0,0,0,[],survived
visitors.py,422,CRP,529,5,0,0,0,0,0,0,0,0,[],survived
visitors.py,423,CRP,529,5,0,0,0,0,0,0,0,0,[],survived
visitors.py,424,CRP,532,6,0,0,0,0,0,0,0,0,[],survived
visitors.py,425,CRP,532,6,0,0,0,0,0,0,0,0,[],survived
visitors.py,426,CRP,535,6,0,0,0,0,0,0,0,0,[],survived
visitors.py,427,CRP,535,6,0,0,0,0,0,0,0,0,[],survived
visitors.py,428,CRP,539,5,2,7,2,3,23,14.5,23,-2,"['388:388', '395:395']",killed
visitors.py,429,CRP,539,5,2,7,2,3,23,14.5,23,-2,"['388:388', '395:395']",killed
visitors.py,430,CRP,542,6,2,2,2,3,23,14.5,23,-2,"['388:388', '395:395']",killed
visitors.py,431,CRP,542,6,2,2,2,3,23,14.5,23,-2,"['388:388', '395:395']",killed
visitors.py,432,CRP,549,6,2,17,2,3,23,14.5,23,-2,"['388:388', '395:395']",killed
visitors.py,433,CRP,549,6,2,17,2,3,23,14.5,23,-2,"['388:388', '395:395']",killed
visitors.py,434,CRP,553,6,0,0,0,0,0,0,0,0,[],survived
visitors.py,435,CRP,553,6,0,0,0,0,0,0,0,0,[],survived
visitors.py,436,CRP,553,6,0,0,0,0,0,0,0,0,[],survived
visitors.py,437,CRP,553,6,0,0,0,0,0,0,0,0,[],survived
visitors.py,438,CRP,554,6,0,0,0,0,0,0,0,0,[],survived
visitors.py,439,CRP,554,6,0,0,0,0,0,0,0,0,[],survived
visitors.py,440,CRP,555,6,0,0,0,0,0,0,0,0,[],survived
visitors.py,441,CRP,555,6,0,0,0,0,0,0,0,0,[],survived
visitors.py,442,CRP,580,5,0,0,0,0,0,0,0,0,[],survived
visitors.py,443,CRP,580,5,0,0,0,0,0,0,0,0,[],survived
visitors.py,444,CRP,584,5,0,0,0,0,0,0,0,0,[],survived
visitors.py,445,CRP,584,5,0,0,0,0,0,0,0,0,[],survived
visitors.py,446,CRP,608,6,3,112,3,3,23,12.0,23,3,"['388:388', '395:395', '405:411']",survived
visitors.py,447,CRP,608,6,3,112,3,3,23,12.0,23,3,"['388:388', '395:395', '405:411']",survived
visitors.py,448,CRP,608,6,3,112,3,3,23,12.0,23,3,"['388:388', '395:395', '405:411']",survived
visitors.py,449,CRP,608,6,3,112,3,3,23,12.0,23,3,"['388:388', '395:395', '405:411']",survived
visitors.py,450,CRP,608,8,3,112,3,3,23,12.0,23,3,"['388:388', '395:395', '405:411']",killed
visitors.py,451,CRP,612,6,2,16,2,3,23,14.5,23,-2,"['388:388', '395:395']",killed
visitors.py,452,CRP,612,6,2,16,2,3,23,14.5,23,-2,"['388:388', '395:395']",killed
visitors.py,453,CRP,612,6,2,16,2,3,23,14.5,23,-2,"['388:388', '395:395']",killed
visitors.py,454,CRP,612,6,2,16,2,3,23,14.5,23,-2,"['388:388', '395:395']",killed
visitors.py,455,CRP,613,6,2,16,2,3,23,14.5,23,-2,"['388:388', '395:395']",survived
visitors.py,456,CRP,616,8,2,12,2,3,23,14.5,23,-2,"['388:388', '395:395']",killed
visitors.py,457,CRP,616,8,2,12,2,3,23,14.5,23,-2,"['388:388', '395:395']",killed
visitors.py,458,CRP,619,7,2,2,2,3,23,14.5,23,-2,"['388:388', '395:395']",killed
visitors.py,459,CRP,619,7,2,2,2,3,23,14.5,23,-2,"['388:388', '395:395']",killed
visitors.py,460,CRP,626,9,2,10,2,3,23,14.5,23,-2,"['388:388', '395:395']",killed
visitors.py,461,CRP,626,9,2,10,2,3,23,14.5,23,-2,"['388:388', '395:395']",killed
visitors.py,462,CRP,631,4,1,1,0,0,0,0.0,0,0,[],killed
visitors.py,463,CRP,631,4,1,1,0,0,0,0.0,0,0,[],killed
visitors.py,464,CRP,631,4,1,1,0,0,0,0.0,0,0,[],killed
visitors.py,465,CRP,631,4,1,1,0,0,0,0.0,0,0,[],killed
visitors.py,466,CRP,632,4,1,1,0,0,0,0.0,0,0,[],killed
visitors.py,467,CRP,632,4,1,1,0,0,0,0.0,0,0,[],killed
visitors.py,468,CRP,632,4,1,1,0,0,0,0.0,0,0,[],killed
visitors.py,469,CRP,632,4,1,1,0,0,0,0.0,0,0,[],killed
visitors.py,470,CRP,636,6,2,6,2,3,23,14.5,23,-2,"['388:388', '395:395']",killed
visitors.py,471,CRP,636,6,2,6,2,3,23,14.5,23,-2,"['388:388', '395:395']",killed
visitors.py,472,CRP,636,6,2,6,2,3,23,14.5,23,-2,"['388:388', '395:395']",killed
visitors.py,473,CRP,636,6,2,6,2,3,23,14.5,23,-2,"['388:388', '395:395']",killed
visitors.py,474,CRP,639,8,2,2,2,3,23,14.5,23,-2,"['388:388', '395:395']",killed
visitors.py,475,CRP,639,8,2,2,2,3,23,14.5,23,-2,"['388:388', '395:395']",killed
visitors.py,476,CRP,642,8,2,4,2,3,23,14.5,23,-2,"['388:388', '395:395']",killed
visitors.py,477,CRP,642,8,2,4,2,3,23,14.5,23,-2,"['388:388', '395:395']",killed
visitors.py,478,CRP,644,8,2,2,2,3,23,14.5,23,-2,"['388:388', '395:395']",killed
visitors.py,479,CRP,644,8,2,2,2,3,23,14.5,23,-2,"['388:388', '395:395']",killed
visitors.py,480,CRP,648,6,2,32,2,3,23,14.5,23,-2,"['388:388', '395:395']",killed
visitors.py,481,CRP,648,6,2,32,2,3,23,14.5,23,-2,"['388:388', '395:395']",killed
visitors.py,482,CRP,648,6,2,32,2,3,23,14.5,23,-2,"['388:388', '395:395']",killed
visitors.py,483,CRP,648,6,2,32,2,3,23,14.5,23,-2,"['388:388', '395:395']",killed
visitors.py,484,CRP,650,7,2,32,2,3,23,14.5,23,-2,"['388:388', '395:395']",incompetent
visitors.py,485,CRP,650,7,2,32,2,3,23,14.5,23,-2,"['388:388', '395:395']",incompetent
visitors.py,486,CRP,654,6,2,2,2,3,23,14.5,23,-2,"['388:388', '395:395']",killed
visitors.py,487,CRP,654,6,2,2,2,3,23,14.5,23,-2,"['388:388', '395:395']",killed
visitors.py,488,CRP,654,6,2,2,2,3,23,14.5,23,-2,"['388:388', '395:395']",killed
visitors.py,489,CRP,654,6,2,2,2,3,23,14.5,23,-2,"['388:388', '395:395']",killed
visitors.py,490,CRP,657,9,2,2,2,3,23,14.5,23,-2,"['388:388', '395:395']",incompetent
visitors.py,491,CRP,657,9,2,2,2,3,23,14.5,23,-2,"['388:388', '395:395']",incompetent
visitors.py,492,CRP,661,6,2,18,2,3,23,14.5,23,-2,"['388:388', '395:395']",killed
visitors.py,493,CRP,661,6,2,18,2,3,23,14.5,23,-2,"['388:388', '395:395']",killed
visitors.py,494,CRP,661,6,2,18,2,3,23,14.5,23,-2,"['388:388', '395:395']",killed
visitors.py,495,CRP,661,6,2,18,2,3,23,14.5,23,-2,"['388:388', '395:395']",killed
visitors.py,496,CRP,664,8,2,22,2,3,23,14.5,23,-2,"['388:388', '395:395']",incompetent
visitors.py,497,CRP,664,8,2,22,2,3,23,14.5,23,-2,"['388:388', '395:395']",incompetent
visitors.py,498,CRP,668,6,2,16,2,3,23,14.5,23,-2,"['388:388', '395:395']",killed
visitors.py,499,CRP,668,6,2,16,2,3,23,14.5,23,-2,"['388:388', '395:395']",killed
visitors.py,500,CRP,668,6,2,16,2,3,23,14.5,23,-2,"['388:388', '395:395']",killed
visitors.py,501,CRP,668,6,2,16,2,3,23,14.5,23,-2,"['388:388', '395:395']",killed
visitors.py,502,CRP,671,7,2,16,2,3,23,14.5,23,-2,"['388:388', '395:395']",killed
visitors.py,503,CRP,671,7,2,16,2,3,23,14.5,23,-2,"['388:388', '395:395']",killed
visitors.py,504,CRP,672,7,2,6,2,3,23,14.5,23,-2,"['388:388', '395:395']",killed
visitors.py,505,CRP,672,7,2,6,2,3,23,14.5,23,-2,"['388:388', '395:395']",killed
visitors.py,506,CRP,674,7,2,16,2,3,23,14.5,23,-2,"['388:388', '395:395']",killed
visitors.py,507,CRP,674,7,2,16,2,3,23,14.5,23,-2,"['388:388', '395:395']",killed
visitors.py,508,CRP,674,7,2,16,2,3,23,14.5,23,-2,"['388:388', '395:395']",killed
visitors.py,509,CRP,674,7,2,16,2,3,23,14.5,23,-2,"['388:388', '395:395']",killed
visitors.py,510,CRP,680,6,2,14,2,3,23,14.5,23,-2,"['388:388', '395:395']",killed
visitors.py,511,CRP,680,6,2,14,2,3,23,14.5,23,-2,"['388:388', '395:395']",killed
visitors.py,512,CRP,680,6,2,14,2,3,23,14.5,23,-2,"['388:388', '395:395']",killed
visitors.py,513,CRP,680,6,2,14,2,3,23,14.5,23,-2,"['388:388', '395:395']",killed
visitors.py,514,CRP,685,5,2,14,2,3,23,14.5,23,-2,"['388:388', '395:395']",killed
visitors.py,515,CRP,685,5,2,14,2,3,23,14.5,23,-2,"['388:388', '395:395']",killed
visitors.py,516,CRP,691,6,2,4,2,3,23,14.5,23,-2,"['388:388', '395:395']",killed
visitors.py,517,CRP,691,6,2,4,2,3,23,14.5,23,-2,"['388:388', '395:395']",killed
visitors.py,518,CRP,692,9,2,4,2,3,23,14.5,23,-2,"['388:388', '395:395']",survived
visitors.py,519,CRP,692,9,2,4,2,3,23,14.5,23,-2,"['388:388', '395:395']",survived
visitors.py,520,CRP,706,7,2,4,2,3,23,14.5,23,-2,"['388:388', '395:395']",killed
visitors.py,521,CRP,706,7,2,4,2,3,23,14.5,23,-2,"['388:388', '395:395']",killed
visitors.py,522,CRP,710,5,2,6,2,3,23,14.5,23,-2,"['388:388', '395:395']",killed
visitors.py,523,CRP,710,5,2,6,2,3,23,14.5,23,-2,"['388:388', '395:395']",killed
visitors.py,524,CRP,712,6,2,2,2,3,23,14.5,23,-2,"['388:388', '395:395']",killed
visitors.py,525,CRP,712,6,2,2,2,3,23,14.5,23,-2,"['388:388', '395:395']",killed
visitors.py,526,CRP,716,6,2,8,2,3,23,14.5,23,-2,"['388:388', '395:395']",killed
visitors.py,527,CRP,716,6,2,8,2,3,23,14.5,23,-2,"['388:388', '395:395']",killed
visitors.py,528,CRP,716,6,2,8,2,3,23,14.5,23,-2,"['388:388', '395:395']",killed
visitors.py,529,CRP,716,6,2,8,2,3,23,14.5,23,-2,"['388:388', '395:395']",killed
visitors.py,530,CRP,717,6,2,8,2,3,23,14.5,23,-2,"['388:388', '395:395']",killed
visitors.py,531,CRP,717,6,2,8,2,3,23,14.5,23,-2,"['388:388', '395:395']",killed
visitors.py,532,CRP,719,6,2,8,2,3,23,14.5,23,-2,"['388:388', '395:395']",killed
visitors.py,533,CRP,719,6,2,8,2,3,23,14.5,23,-2,"['388:388', '395:395']",killed
visitors.py,534,CRP,720,7,2,8,2,3,23,14.5,23,-2,"['388:388', '395:395']",killed
visitors.py,535,CRP,720,7,2,8,2,3,23,14.5,23,-2,"['388:388', '395:395']",killed
visitors.py,536,CRP,720,7,2,8,2,3,23,14.5,23,-2,"['388:388', '395:395']",killed
visitors.py,537,CRP,720,7,2,8,2,3,23,14.5,23,-2,"['388:388', '395:395']",killed
visitors.py,538,CRP,724,5,2,2,2,3,23,14.5,23,-2,"['388:388', '395:395']",killed
visitors.py,539,CRP,724,5,2,2,2,3,23,14.5,23,-2,"['388:388', '395:395']",killed
visitors.py,540,CRP,736,4,1,1,0,0,0,0.0,0,0,[],killed
visitors.py,541,CRP,736,4,1,1,0,0,0,0.0,0,0,[],killed
visitors.py,542,CRP,736,4,1,1,0,0,0,0.0,0,0,[],killed
visitors.py,543,CRP,736,4,1,1,0,0,0,0.0,0,0,[],killed
visitors.py,544,CRP,737,4,1,1,0,0,0,0.0,0,0,[],killed
visitors.py,545,CRP,737,4,1,1,0,0,0,0.0,0,0,[],killed
visitors.py,546,CRP,737,4,1,1,0,0,0,0.0,0,0,[],killed
visitors.py,547,CRP,737,4,1,1,0,0,0,0.0,0,0,[],killed
visitors.py,548,CRP,738,4,1,1,0,0,0,0.0,0,0,[],killed
visitors.py,549,CRP,738,4,1,1,0,0,0,0.0,0,0,[],killed
visitors.py,550,CRP,738,4,1,1,0,0,0,0.0,0,0,[],killed
visitors.py,551,CRP,738,4,1,1,0,0,0,0.0,0,0,[],killed
visitors.py,552,CRP,742,6,2,2,2,3,23,14.5,23,-2,"['388:388', '395:395']",killed
visitors.py,553,CRP,742,6,2,2,2,3,23,14.5,23,-2,"['388:388', '395:395']",killed
visitors.py,554,CRP,742,6,2,2,2,3,23,14.5,23,-2,"['388:388', '395:395']",killed
visitors.py,555,CRP,742,6,2,2,2,3,23,14.5,23,-2,"['388:388', '395:395']",killed
visitors.py,556,CRP,744,6,2,2,2,3,23,14.5,23,-2,"['388:388', '395:395']",killed
visitors.py,557,CRP,744,6,2,2,2,3,23,14.5,23,-2,"['388:388', '395:395']",killed
visitors.py,558,CRP,750,6,2,4,2,3,23,14.5,23,-2,"['388:388', '395:395']",killed
visitors.py,559,CRP,750,6,2,4,2,3,23,14.5,23,-2,"['388:388', '395:395']",killed
visitors.py,560,CRP,750,6,2,4,2,3,23,14.5,23,-2,"['388:388', '395:395']",killed
visitors.py,561,CRP,750,6,2,4,2,3,23,14.5,23,-2,"['388:388', '395:395']",killed
visitors.py,562,CRP,752,6,2,4,2,3,23,14.5,23,-2,"['388:388', '395:395']",killed
visitors.py,563,CRP,752,6,2,4,2,3,23,14.5,23,-2,"['388:388', '395:395']",killed
visitors.py,564,CRP,754,6,2,4,2,3,23,14.5,23,-2,"['388:388', '395:395']",killed
visitors.py,565,CRP,754,6,2,4,2,3,23,14.5,23,-2,"['388:388', '395:395']",killed
visitors.py,566,CRP,757,5,2,10,2,3,23,14.5,23,-2,"['388:388', '395:395']",killed
visitors.py,567,CRP,757,5,2,10,2,3,23,14.5,23,-2,"['388:388', '395:395']",killed
visitors.py,568,CRP,761,6,0,0,0,0,0,0,0,0,[],survived
visitors.py,569,CRP,761,6,0,0,0,0,0,0,0,0,[],survived
visitors.py,570,CRP,761,6,0,0,0,0,0,0,0,0,[],survived
visitors.py,571,CRP,761,6,0,0,0,0,0,0,0,0,[],survived
visitors.py,572,CRP,768,7,2,2,2,3,23,14.5,23,-2,"['388:388', '395:395']",killed
visitors.py,573,CRP,768,7,2,2,2,3,23,14.5,23,-2,"['388:388', '395:395']",killed
visitors.py,574,CRP,771,5,2,8,2,3,23,14.5,23,-2,"['388:388', '395:395']",killed
visitors.py,575,CRP,771,5,2,8,2,3,23,14.5,23,-2,"['388:388', '395:395']",killed
visitors.py,576,CRP,773,5,2,8,2,3,23,14.5,23,-2,"['388:388', '395:395']",killed
visitors.py,577,CRP,773,5,2,8,2,3,23,14.5,23,-2,"['388:388', '395:395']",killed
visitors.py,578,CRP,777,7,2,6,2,3,23,14.5,23,-2,"['388:388', '395:395']",killed
visitors.py,579,CRP,777,7,2,6,2,3,23,14.5,23,-2,"['388:388', '395:395']",killed
visitors.py,580,CRP,781,5,2,12,2,3,23,14.5,23,-2,"['388:388', '395:395']",killed
visitors.py,581,CRP,781,5,2,12,2,3,23,14.5,23,-2,"['388:388', '395:395']",killed
visitors.py,582,CRP,783,6,2,12,2,3,23,14.5,23,-2,"['388:388', '395:395']",killed
visitors.py,583,CRP,783,6,2,12,2,3,23,14.5,23,-2,"['388:388', '395:395']",killed
visitors.py,584,CRP,786,7,2,2,2,3,23,14.5,23,-2,"['388:388', '395:395']",killed
visitors.py,585,CRP,786,7,2,2,2,3,23,14.5,23,-2,"['388:388', '395:395']",killed
visitors.py,586,CRP,788,5,2,12,2,3,23,14.5,23,-2,"['388:388', '395:395']",killed
visitors.py,587,CRP,788,5,2,12,2,3,23,14.5,23,-2,"['388:388', '395:395']",killed
visitors.py,588,CRP,795,5,2,4,2,3,23,14.5,23,-2,"['388:388', '395:395']",killed
visitors.py,589,CRP,795,5,2,4,2,3,23,14.5,23,-2,"['388:388', '395:395']",killed
visitors.py,590,CRP,798,6,2,2,2,3,23,14.5,23,-2,"['388:388', '395:395']",killed
visitors.py,591,CRP,798,6,2,2,2,3,23,14.5,23,-2,"['388:388', '395:395']",killed
visitors.py,592,CRP,802,5,0,0,0,0,0,0,0,0,[],survived
visitors.py,593,CRP,802,5,0,0,0,0,0,0,0,0,[],survived
visitors.py,594,CRP,815,5,0,0,0,0,0,0,0,0,[],survived
visitors.py,595,CRP,815,5,0,0,0,0,0,0,0,0,[],survived
visitors.py,596,CRP,820,5,2,2,2,3,23,14.5,23,-2,"['388:388', '395:395']",killed
visitors.py,597,CRP,820,5,2,2,2,3,23,14.5,23,-2,"['388:388', '395:395']",killed
visitors.py,598,CRP,827,5,0,0,0,0,0,0,0,0,[],survived
visitors.py,599,CRP,827,5,0,0,0,0,0,0,0,0,[],survived
visitors.py,600,CRP,830,6,0,0,0,0,0,0,0,0,[],survived
visitors.py,601,CRP,830,6,0,0,0,0,0,0,0,0,[],survived
visitors.py,602,CRP,832,5,0,0,0,0,0,0,0,0,[],survived
visitors.py,603,CRP,832,5,0,0,0,0,0,0,0,0,[],survived
visitors.py,604,CRP,837,6,0,0,0,0,0,0,0,0,[],survived
visitors.py,605,CRP,837,6,0,0,0,0,0,0,0,0,[],survived
visitors.py,606,CRP,841,4,1,1,0,0,0,0.0,0,0,[],killed
visitors.py,607,CRP,841,4,1,1,0,0,0,0.0,0,0,[],survived
visitors.py,608,CRP,845,4,1,1,0,0,0,0.0,0,0,[],killed
visitors.py,609,CRP,845,4,1,1,0,0,0,0.0,0,0,[],survived
visitors.py,610,CRP,849,4,1,1,0,0,0,0.0,0,0,[],survived
visitors.py,611,CRP,849,4,1,1,0,0,0,0.0,0,0,[],survived
visitors.py,612,CRP,856,7,2,4,2,3,23,14.5,23,-2,"['388:388', '395:395']",killed
visitors.py,613,CRP,856,7,2,4,2,3,23,14.5,23,-2,"['388:388', '395:395']",killed
visitors.py,614,CRP,859,7,2,4,2,3,23,14.5,23,-2,"['388:388', '395:395']",killed
visitors.py,615,CRP,859,7,2,4,2,3,23,14.5,23,-2,"['388:388', '395:395']",killed
visitors.py,616,CRP,863,6,2,14,2,3,23,14.5,23,-2,"['388:388', '395:395']",incompetent
visitors.py,617,CRP,863,6,2,14,2,3,23,14.5,23,-2,"['388:388', '395:395']",incompetent
visitors.py,618,CRP,867,6,2,14,2,3,23,14.5,23,-2,"['388:388', '395:395']",killed
visitors.py,619,CRP,867,6,2,14,2,3,23,14.5,23,-2,"['388:388', '395:395']",killed
visitors.py,620,CRP,871,7,2,14,2,3,23,14.5,23,-2,"['388:388', '395:395']",killed
visitors.py,621,CRP,871,7,2,14,2,3,23,14.5,23,-2,"['388:388', '395:395']",killed
visitors.py,622,CRP,871,6,2,14,2,3,23,14.5,23,-2,"['388:388', '395:395']",killed
visitors.py,623,CRP,871,6,2,14,2,3,23,14.5,23,-2,"['388:388', '395:395']",killed
visitors.py,624,CRP,877,6,2,42,2,3,23,14.5,23,-2,"['388:388', '395:395']",incompetent
visitors.py,625,CRP,877,6,2,42,2,3,23,14.5,23,-2,"['388:388', '395:395']",incompetent
visitors.py,626,CRP,879,5,2,42,2,3,23,14.5,23,-2,"['388:388', '395:395']",killed
visitors.py,627,CRP,879,5,2,42,2,3,23,14.5,23,-2,"['388:388', '395:395']",killed
visitors.py,628,CRP,880,6,2,42,2,3,23,14.5,23,-2,"['388:388', '395:395']",killed
visitors.py,629,CRP,880,6,2,42,2,3,23,14.5,23,-2,"['388:388', '395:395']",killed
visitors.py,630,CRP,881,6,2,4,2,3,23,14.5,23,-2,"['388:388', '395:395']",killed
visitors.py,631,CRP,881,6,2,4,2,3,23,14.5,23,-2,"['388:388', '395:395']",killed
visitors.py,632,CRP,883,5,2,42,2,3,23,14.5,23,-2,"['388:388', '395:395']",killed
visitors.py,633,CRP,883,5,2,42,2,3,23,14.5,23,-2,"['388:388', '395:395']",killed
visitors.py,634,CRP,888,4,1,1,0,0,0,0.0,0,0,[],survived
visitors.py,635,CRP,888,4,1,1,0,0,0,0.0,0,0,[],survived
visitors.py,636,CRP,892,4,1,1,0,0,0,0.0,0,0,[],survived
visitors.py,637,CRP,892,4,1,1,0,0,0,0.0,0,0,[],survived
visitors.py,638,CRP,896,4,1,1,0,0,0,0.0,0,0,[],survived
visitors.py,639,CRP,896,4,1,1,0,0,0,0.0,0,0,[],survived
visitors.py,640,CRP,899,5,2,12,2,3,23,14.5,23,-2,"['388:388', '395:395']",killed
visitors.py,641,CRP,899,5,2,12,2,3,23,14.5,23,-2,"['388:388', '395:395']",killed
visitors.py,642,CRP,910,5,2,8,2,3,23,14.5,23,-2,"['388:388', '395:395']",killed
visitors.py,643,CRP,910,5,2,8,2,3,23,14.5,23,-2,"['388:388', '395:395']",killed
visitors.py,644,CRP,914,7,2,2,2,3,23,14.5,23,-2,"['388:388', '395:395']",killed
visitors.py,645,CRP,914,7,2,2,2,3,23,14.5,23,-2,"['388:388', '395:395']",killed
visitors.py,646,CRP,916,10,2,10,2,3,23,14.5,23,-2,"['388:388', '395:395']",killed
visitors.py,647,CRP,917,7,2,2,2,3,23,14.5,23,-2,"['388:388', '395:395']",killed
visitors.py,648,CRP,917,7,2,2,2,3,23,14.5,23,-2,"['388:388', '395:395']",killed
visitors.py,649,CRP,918,5,2,8,2,3,23,14.5,23,-2,"['388:388', '395:395']",killed
visitors.py,650,CRP,918,5,2,8,2,3,23,14.5,23,-2,"['388:388', '395:395']",killed
visitors.py,651,CRP,922,5,2,2,2,3,23,14.5,23,-2,"['388:388', '395:395']",killed
visitors.py,652,CRP,922,5,2,2,2,3,23,14.5,23,-2,"['388:388', '395:395']",killed
visitors.py,653,CRP,927,4,1,1,0,0,0,0.0,0,0,[],survived
visitors.py,654,CRP,927,4,1,1,0,0,0,0.0,0,0,[],survived
visitors.py,655,CRP,944,4,1,1,0,0,0,0.0,0,0,[],survived
visitors.py,656,CRP,944,4,1,1,0,0,0,0.0,0,0,[],killed
visitors.py,657,CRP,947,7,2,8,2,3,23,14.5,23,-2,"['388:388', '395:395']",killed
visitors.py,658,CRP,947,7,2,8,2,3,23,14.5,23,-2,"['388:388', '395:395']",killed
visitors.py,659,CRP,950,7,2,2,2,3,23,14.5,23,-2,"['388:388', '395:395']",killed
visitors.py,660,CRP,950,7,2,2,2,3,23,14.5,23,-2,"['388:388', '395:395']",killed
visitors.py,661,CRP,953,7,2,2,2,3,23,14.5,23,-2,"['388:388', '395:395']",killed
visitors.py,662,CRP,953,7,2,2,2,3,23,14.5,23,-2,"['388:388', '395:395']",killed
visitors.py,663,CRP,956,5,2,2,2,3,23,14.5,23,-2,"['388:388', '395:395']",killed
visitors.py,664,CRP,956,5,2,2,2,3,23,14.5,23,-2,"['388:388', '395:395']",killed
visitors.py,665,CRP,957,6,2,2,2,3,23,14.5,23,-2,"['388:388', '395:395']",killed
visitors.py,666,CRP,957,6,2,2,2,3,23,14.5,23,-2,"['388:388', '395:395']",killed
visitors.py,667,CRP,962,6,2,32,2,3,23,14.5,23,-2,"['388:388', '395:395']",killed
visitors.py,668,CRP,962,6,2,32,2,3,23,14.5,23,-2,"['388:388', '395:395']",killed
visitors.py,669,CRP,962,6,2,32,2,3,23,14.5,23,-2,"['388:388', '395:395']",killed
visitors.py,670,CRP,962,6,2,32,2,3,23,14.5,23,-2,"['388:388', '395:395']",killed
visitors.py,671,CRP,997,4,1,1,0,0,0,0.0,0,0,[],killed
visitors.py,672,CRP,997,4,1,1,0,0,0,0.0,0,0,[],survived
visitors.py,673,CRP,1000,6,2,10,2,3,23,14.5,23,-2,"['388:388', '395:395']",killed
visitors.py,674,CRP,1000,6,2,10,2,3,23,14.5,23,-2,"['388:388', '395:395']",killed
visitors.py,675,CRP,1001,7,2,10,2,3,23,14.5,23,-2,"['388:388', '395:395']",killed
visitors.py,676,CRP,1001,7,2,10,2,3,23,14.5,23,-2,"['388:388', '395:395']",killed
visitors.py,677,CRP,1001,7,2,10,2,3,23,14.5,23,-2,"['388:388', '395:395']",killed
visitors.py,678,CRP,1001,7,2,10,2,3,23,14.5,23,-2,"['388:388', '395:395']",killed
visitors.py,679,CRP,1004,14,2,6,2,3,23,14.5,23,-2,"['388:388', '395:395']",survived
visitors.py,680,CRP,1004,14,2,6,2,3,23,14.5,23,-2,"['388:388', '395:395']",survived
visitors.py,681,CRP,1004,12,2,6,2,3,23,14.5,23,-2,"['388:388', '395:395']",survived
visitors.py,682,CRP,1004,12,2,6,2,3,23,14.5,23,-2,"['388:388', '395:395']",survived
visitors.py,683,CRP,1004,10,2,6,2,3,23,14.5,23,-2,"['388:388', '395:395']",killed
visitors.py,684,CRP,1004,10,2,6,2,3,23,14.5,23,-2,"['388:388', '395:395']",killed
visitors.py,685,CRP,1004,10,2,6,2,3,23,14.5,23,-2,"['388:388', '395:395']",killed
visitors.py,686,CRP,1004,10,2,6,2,3,23,14.5,23,-2,"['388:388', '395:395']",killed
visitors.py,687,CRP,1009,6,2,9,2,3,23,14.5,23,-2,"['388:388', '395:395']",killed
visitors.py,688,CRP,1009,6,2,9,2,3,23,14.5,23,-2,"['388:388', '395:395']",killed
visitors.py,689,CRP,1010,7,2,9,2,3,23,14.5,23,-2,"['388:388', '395:395']",killed
visitors.py,690,CRP,1010,7,2,9,2,3,23,14.5,23,-2,"['388:388', '395:395']",killed
visitors.py,691,CRP,1010,7,2,9,2,3,23,14.5,23,-2,"['388:388', '395:395']",killed
visitors.py,692,CRP,1010,7,2,9,2,3,23,14.5,23,-2,"['388:388', '395:395']",killed
visitors.py,693,CRP,1012,9,2,9,2,3,23,14.5,23,-2,"['388:388', '395:395']",killed
visitors.py,694,CRP,1013,9,2,6,2,3,23,14.5,23,-2,"['388:388', '395:395']",incompetent
visitors.py,695,CRP,1013,9,2,6,2,3,23,14.5,23,-2,"['388:388', '395:395']",incompetent
visitors.py,696,DDL,192,2,1,1,0,0,0,0.0,0,0,[],survived
visitors.py,697,DDL,200,2,1,1,0,0,0,0.0,0,0,[],survived
visitors.py,698,DDL,209,2,1,1,0,0,0,0.0,0,0,[],survived
visitors.py,699,DDL,226,2,1,1,0,0,0,0.0,0,0,[],killed
visitors.py,700,DDL,232,2,1,1,0,0,0,0.0,0,0,[],killed
visitors.py,701,DDL,835,2,1,1,0,0,0,0.0,0,0,[],survived
visitors.py,702,DDL,938,2,1,1,0,0,0,0.0,0,0,[],incompetent
visitors.py,703,DDL,967,2,1,1,0,0,0,0.0,0,0,[],incompetent
visitors.py,704,DDL,978,2,1,1,0,0,0,0.0,0,0,[],incompetent
visitors.py,705,IHD,845,2,1,1,0,0,0,0.0,0,0,[],survived
visitors.py,706,IHD,849,2,1,1,0,0,0,0.0,0,0,[],survived
visitors.py,707,IHD,888,2,1,1,0,0,0,0.0,0,0,[],survived
visitors.py,708,IHD,892,2,1,1,0,0,0,0.0,0,0,[],survived
visitors.py,709,IHD,896,2,1,1,0,0,0,0.0,0,0,[],survived
visitors.py,710,IHD,927,2,1,1,0,0,0,0.0,0,0,[],survived
visitors.py,711,IHD,944,2,1,1,0,0,0,0.0,0,0,[],survived
visitors.py,712,IHD,997,2,1,1,0,0,0,0.0,0,0,[],killed
visitors.py,713,IOD,13,2,1,1,0,0,0,0.0,0,0,[],killed
visitors.py,714,IOD,16,2,1,1,0,0,0,0.0,0,0,[],killed
visitors.py,715,IOD,160,2,1,1,0,0,0,0.0,0,0,[],killed
visitors.py,716,IOD,163,2,1,1,0,0,0,0.0,0,0,[],killed
visitors.py,717,IOD,187,2,1,1,0,0,0,0.0,0,0,[],incompetent
visitors.py,718,IOD,345,2,1,1,0,0,0,0.0,0,0,[],killed
visitors.py,719,IOD,851,2,1,1,0,0,0,0.0,0,0,[],killed
visitors.py,720,IOD,874,2,1,1,0,0,0,0.0,0,0,[],killed
visitors.py,721,IOD,908,2,1,1,0,0,0,0.0,0,0,[],killed
visitors.py,722,IOD,932,2,1,1,0,0,0,0.0,0,0,[],survived
visitors.py,723,IOD,938,2,1,1,0,0,0,0.0,0,0,[],killed
visitors.py,724,IOD,960,2,1,1,0,0,0,0.0,0,0,[],killed
visitors.py,725,IOD,989,2,1,1,0,0,0,0.0,0,0,[],killed
visitors.py,726,IOD,992,2,1,1,0,0,0,0.0,0,0,[],killed
visitors.py,727,IOP,16,2,1,1,0,0,0,0.0,0,0,[],survived
visitors.py,728,LCR,166,6,3,758,3,3,23,12.0,23,3,"['388:388', '395:395', '405:411']",killed
visitors.py,729,LCR,194,5,3,2618,3,3,23,12.0,23,3,"['388:388', '395:395', '405:411']",killed
visitors.py,730,LCR,202,6,3,2614,3,3,23,12.0,23,3,"['388:388', '395:395', '405:411']",killed
visitors.py,731,LCR,244,6,3,2418,3,3,23,12.0,23,3,"['388:388', '395:395', '405:411']",killed
visitors.py,732,LCR,258,6,3,551,3,3,23,12.0,23,3,"['388:388', '395:395', '405:411']",killed
visitors.py,733,LCR,321,6,2,58,2,3,23,14.5,23,-2,"['388:388', '395:395']",killed
visitors.py,734,LCR,377,7,2,14,2,3,23,14.5,23,-2,"['388:388', '395:395']",killed
visitors.py,735,LCR,433,6,0,0,0,0,0,0,0,0,[],survived
visitors.py,736,LCR,433,7,0,0,0,0,0,0,0,0,[],survived
visitors.py,737,LCR,452,6,2,23,2,3,23,14.5,23,-2,"['388:388', '395:395']",killed
visitors.py,738,LCR,674,9,2,16,2,3,23,14.5,23,-2,"['388:388', '395:395']",killed
visitors.py,739,LCR,692,8,2,4,2,3,23,14.5,23,-2,"['388:388', '395:395']",killed
visitors.py,740,LCR,837,5,0,0,0,0,0,0,0,0,[],survived
visitors.py,741,LCR,871,6,2,14,2,3,23,14.5,23,-2,"['388:388', '395:395']",incompetent
visitors.py,742,LCR,871,7,2,14,2,3,23,14.5,23,-2,"['388:388', '395:395']",killed
visitors.py,743,ROR,17,6,5,29,6,6,9,7.6,9,26,"['22:27', '29:34', '36:45', '47:53', '55:61']",killed
visitors.py,744,ROR,17,6,5,29,6,6,9,7.6,9,26,"['22:27', '29:34', '36:45', '47:53', '55:61']",killed
visitors.py,745,ROR,19,6,5,29,6,6,9,7.6,9,26,"['22:27', '29:34', '36:45', '47:53', '55:61']",killed
visitors.py,746,ROR,41,7,5,12,6,6,9,7.6,9,26,"['22:27', '29:34', '36:45', '47:53', '55:61']",survived
visitors.py,747,ROR,41,7,5,12,6,6,9,7.6,9,26,"['22:27', '29:34', '36:45', '47:53', '55:61']",survived
visitors.py,748,ROR,170,6,3,447,3,3,23,12.0,23,3,"['388:388', '395:395', '405:411']",survived
visitors.py,749,ROR,170,6,3,447,3,3,23,12.0,23,3,"['388:388', '395:395', '405:411']",survived
visitors.py,750,ROR,202,7,3,2614,3,3,23,12.0,23,3,"['388:388', '395:395', '405:411']",killed
visitors.py,751,ROR,216,6,2,53,2,3,23,14.5,23,-2,"['388:388', '395:395']",killed
visitors.py,752,ROR,224,5,3,2614,3,3,23,12.0,23,3,"['388:388', '395:395', '405:411']",killed
visitors.py,753,ROR,224,5,3,2614,3,3,23,12.0,23,3,"['388:388', '395:395', '405:411']",killed
visitors.py,754,ROR,321,7,2,58,2,3,23,14.5,23,-2,"['388:388', '395:395']",killed
visitors.py,755,ROR,452,7,2,23,2,3,23,14.5,23,-2,"['388:388', '395:395']",killed
visitors.py,756,ROR,608,8,3,112,3,3,23,12.0,23,3,"['388:388', '395:395', '405:411']",killed
visitors.py,757,ROR,608,8,3,112,3,3,23,12.0,23,3,"['388:388', '395:395', '405:411']",killed
visitors.py,758,ROR,671,7,2,16,2,3,23,14.5,23,-2,"['388:388', '395:395']",killed
visitors.py,759,ROR,692,9,2,4,2,3,23,14.5,23,-2,"['388:388', '395:395']",killed
visitors.py,760,ROR,916,7,2,10,2,3,23,14.5,23,-2,"['388:388', '395:395']",killed
visitors.py,761,ROR,1012,8,2,9,2,3,23,14.5,23,-2,"['388:388', '395:395']",killed
visitors.py,762,SCD,16,2,1,1,0,0,0,0.0,0,0,[],killed
visitors.py,763,SCI,13,2,1,1,0,0,0,0.0,0,0,[],survived
visitors.py,764,SCI,16,2,1,1,0,0,0,0.0,0,0,[],bug
visitors.py,765,SCI,160,2,1,1,0,0,0,0.0,0,0,[],survived
visitors.py,766,SCI,163,2,1,1,0,0,0,0.0,0,0,[],killed
visitors.py,767,SCI,187,2,1,1,0,0,0,0.0,0,0,[],incompetent
visitors.py,768,SCI,345,2,1,1,0,0,0,0.0,0,0,[],killed
visitors.py,769,SCI,851,2,1,1,0,0,0,0.0,0,0,[],killed
visitors.py,770,SCI,874,2,1,1,0,0,0,0.0,0,0,[],killed
visitors.py,771,SCI,908,2,1,1,0,0,0,0.0,0,0,[],killed
visitors.py,772,SCI,932,2,1,1,0,0,0,0.0,0,0,[],killed
visitors.py,773,SCI,938,2,1,1,0,0,0,0.0,0,0,[],incompetent
visitors.py,774,SCI,960,2,1,1,0,0,0,0.0,0,0,[],killed
visitors.py,775,SCI,989,2,1,1,0,0,0,0.0,0,0,[],killed
visitors.py,776,SCI,992,2,1,1,0,0,0,0.0,0,0,[],killed
